{"name":"1f011fcf-4c55-412c-904d-40dd93e57b5f","id":"/providers/Microsoft.Flow/flows/1f011fcf-4c55-412c-904d-40dd93e57b5f","type":"Microsoft.Flow/flows","properties":{"apiId":"/providers/Microsoft.PowerApps/apis/shared_logicflows","displayName":"IoT","definition":{"metadata":{"workflowEntityId":null,"processAdvisorMetadata":null,"flowChargedByPaygo":null,"flowclientsuspensionreason":"None","flowclientsuspensiontime":null,"flowclientsuspensionreasondetails":null,"creator":{"id":"30d711e3-5397-426a-ad98-d964eb68bcf1","type":"User","tenantId":"2b897507-ee8c-4575-830b-4f8267c3d307"},"provisioningMethod":"FromDefinition","failureAlertSubscription":true,"clientLastModifiedTime":"2024-11-23T13:48:16.0428442Z","connectionKeySavedTimeKey":"2024-11-23T13:48:16.0428442Z"},"$schema":"https://schema.management.azure.com/providers/Microsoft.Logic/schemas/2016-06-01/workflowdefinition.json#","contentVersion":"undefined","parameters":{"$authentication":{"defaultValue":{},"type":"SecureObject"},"$connections":{"defaultValue":{},"type":"Object"}},"triggers":{"Recurrence":{"recurrence":{"frequency":"Hour","interval":1,"startTime":null,"timeZone":null},"type":"Recurrence"}},"actions":{"HTTP":{"runAfter":{},"type":"Http","inputs":{"uri":"https://api.openweathermap.org/data/2.5/weather?lat=51.522048&lon=-0.2616764&appid=131ca16deaf91ad6f6ab2af741b6059b&units=metric","method":"GET"},"runtimeConfiguration":{"contentTransfer":{"transferMode":"Chunked"}}},"Parse_JSON":{"runAfter":{"HTTP":["Succeeded"]},"type":"ParseJson","inputs":{"content":"@outputs('HTTP')?['body']","schema":{"$schema":"http://json-schema.org/draft-04/schema#","type":"object","properties":{"coord":{"type":"object","properties":{"lon":{"type":"number"},"lat":{"type":"number"}},"required":["lon","lat"]},"weather":{"type":"array","items":[{"type":"object","properties":{"id":{"type":"integer"},"main":{"type":"string"},"description":{"type":"string"},"icon":{"type":"string"}},"required":["id","main","description","icon"]}]},"base":{"type":"string"},"main":{"type":"object","properties":{"temp":{"type":"number"},"feels_like":{"type":"number"},"temp_min":{"type":"number"},"temp_max":{"type":"number"},"pressure":{"type":"integer"},"humidity":{"type":"integer"},"sea_level":{"type":"integer"},"grnd_level":{"type":"integer"}},"required":["temp","feels_like","temp_min","temp_max","pressure","humidity","sea_level","grnd_level"]},"visibility":{"type":"integer"},"wind":{"type":"object","properties":{"speed":{"type":"number"},"deg":{"type":"integer"},"gust":{"type":"number"}},"required":["speed","deg"]},"clouds":{"type":"object","properties":{"all":{"type":"integer"}},"required":["all"]},"dt":{"type":"integer"},"sys":{"type":"object","properties":{"type":{"type":"integer"},"id":{"type":"integer"},"country":{"type":"string"},"sunrise":{"type":"integer"},"sunset":{"type":"integer"}},"required":["type","id","country","sunrise","sunset"]},"timezone":{"type":"integer"},"id":{"type":"integer"},"name":{"type":"string"},"cod":{"type":"integer"}},"required":["coord","weather","base","main","visibility","wind","clouds","dt","sys","timezone","id","name","cod"]}}},"Create_file":{"runAfter":{"Parse_JSON":["Succeeded"]},"type":"OpenApiConnection","inputs":{"parameters":{"folderPath":"/IoT_data","name":"@concat('WeatherData_',formatDateTime(utcNow(),'yyyy-MM-dd-HH-mm-ss'),'.json')","body":"@{outputs('Parse_JSON')}"},"host":{"apiId":"/providers/Microsoft.PowerApps/apis/shared_onedriveforbusiness","connectionName":"shared_onedriveforbusiness","operationId":"CreateFile"},"authentication":"@parameters('$authentication')"}}}},"connectionReferences":{"shared_onedriveforbusiness":{"connectionName":"shared-onedriveforbu-e6e26a3b-f582-4614-8d19-331157898576","source":"Embedded","id":"/providers/Microsoft.PowerApps/apis/shared_onedriveforbusiness","tier":"NotSpecified"}},"flowFailureAlertSubscribed":false,"isManaged":false}}