temp,feels_like,temp_min,temp_max,pressure,humidity,sea_level,grnd_level,wind_speed,date,time,datetime,humidity_normalized,pressure_normalized,temp_status,feels_like_status,pressure_status,wind_status
7.23,3.15,6.36,7.73,1031,83,1031,1026,7.72,2024-12-09,10:31,2024-12-09 10:31:00,0.6129032258064516,0.9555555555555556,Cold,Feels much colder,High pressure,Moderate wind
3.58,1.16,2.46,5.07,1027,94,1027,1022,2.57,2024-11-29,06:30,2024-11-29 06:30:00,0.967741935483871,0.8666666666666667,Cold,Feels similar,High pressure,Low wind
9.25,6.6,8.35,10.09,1019,88,1019,1015,5.14,2024-12-04,21:31,2024-12-04 21:31:00,0.7741935483870968,0.6888888888888889,Cold,Feels similar,High pressure,Moderate wind
7.28,4.13,5.65,8.55,1008,79,1008,1004,5.14,2024-11-25,20:29,2024-11-25 20:29:00,0.4838709677419355,0.4444444444444444,Cold,Feels similar,Low pressure,Moderate wind
5.97,3.99,5.01,7.44,1020,88,1020,1015,2.57,2024-12-03,00:30,2024-12-03 00:30:00,0.7741935483870968,0.7111111111111111,Cold,Feels similar,High pressure,Low wind
10.18,9.66,9.0,11.19,997,92,997,992,4.63,2024-11-25,06:29,2024-11-25 06:29:00,0.9032258064516129,0.2,Warm,Feels similar,Low pressure,Low wind
4.77,3.63,2.82,5.83,1029,87,1029,1024,1.54,2024-11-28,16:29,2024-11-28 16:29:00,0.7419354838709677,0.9111111111111111,Cold,Feels similar,High pressure,Low wind
9.01,5.93,7.52,10.03,1005,74,1005,1001,6.17,2024-11-25,17:29,2024-11-25 17:29:00,0.3225806451612903,0.37777777777777777,Cold,Feels similar,Low pressure,Moderate wind
16.26,15.82,14.6,17.27,994,72,994,990,11.32,2024-11-24,17:29,2024-11-24 17:29:00,0.25806451612903225,0.13333333333333333,Warm,Feels similar,Low pressure,High wind
2.69,1.55,1.4,3.92,1029,93,1029,1024,1.34,2024-11-28,10:29,2024-11-28 10:29:00,0.9354838709677419,0.9111111111111111,Cold,Feels similar,High pressure,Low wind
7.63,3.99,6.9,8.42,1023,90,1023,1019,6.69,2024-12-08,19:31,2024-12-08 19:31:00,0.8387096774193549,0.7777777777777778,Cold,Feels similar,High pressure,Moderate wind
8.4,5.74,7.18,9.14,1024,71,1024,1020,4.63,2024-11-29,16:30,2024-11-29 16:30:00,0.22580645161290322,0.8,Cold,Feels similar,High pressure,Low wind
7.68,4.24,5.66,9.46,1008,93,1008,1003,6.17,2024-11-27,04:29,2024-11-27 04:29:00,0.9354838709677419,0.4444444444444444,Cold,Feels similar,Low pressure,Moderate wind
6.97,2.82,6.34,7.81,1032,80,1032,1027,7.72,2024-12-10,13:31,2024-12-10 13:31:00,0.5161290322580645,0.9777777777777777,Cold,Feels much colder,High pressure,Moderate wind
7.81,4.06,7.18,8.38,1030,83,1030,1026,7.2,2024-12-09,16:31,2024-12-09 16:31:00,0.6129032258064516,0.9333333333333333,Cold,Feels similar,High pressure,Moderate wind
7.35,7.35,6.4,8.41,1023,79,1023,1019,1.03,2024-12-03,12:30,2024-12-03 12:30:00,0.4838709677419355,0.7777777777777778,Cold,Feels similar,High pressure,Low wind
6.05,6.05,4.05,7.22,1029,87,1029,1025,0.89,2024-11-28,13:29,2024-11-28 13:29:00,0.7419354838709677,0.9111111111111111,Cold,Feels similar,High pressure,Low wind
9.77,7.25,8.91,10.64,995,91,995,991,5.14,2024-11-25,03:29,2024-11-25 03:29:00,0.8709677419354839,0.15555555555555556,Cold,Feels similar,Low pressure,Moderate wind
11.8,11.46,11.07,12.81,1012,93,1012,1008,4.12,2024-12-01,18:30,2024-12-01 18:30:00,0.9354838709677419,0.5333333333333333,Warm,Feels similar,Low pressure,Low wind
14.13,14.03,13.31,14.81,997,93,997,993,8.75,2024-11-23,22:29,2024-11-23 22:29:00,0.9354838709677419,0.2,Warm,Feels similar,Low pressure,High wind
9.51,6.92,8.84,10.03,1014,75,1014,1010,5.14,2024-12-02,15:30,2024-12-02 15:30:00,0.3548387096774194,0.5777777777777777,Cold,Feels similar,Low pressure,Moderate wind
6.27,1.08,5.63,7.25,993,89,993,989,10.8,2024-12-07,14:31,2024-12-07 14:31:00,0.8064516129032258,0.1111111111111111,Cold,Feels much colder,Low pressure,High wind
11.85,11.55,11.09,12.27,1024,94,1024,1019,3.09,2024-11-30,09:30,2024-11-30 09:30:00,0.967741935483871,0.8,Warm,Feels similar,High pressure,Low wind
5.12,3.45,3.9,5.81,1023,90,1023,1018,2.06,2024-12-03,08:30,2024-12-03 08:30:00,0.8387096774193549,0.7777777777777778,Cold,Feels similar,High pressure,Low wind
13.62,13.47,12.85,14.53,1010,93,1010,1006,6.69,2024-12-05,10:31,2024-12-05 10:31:00,0.9354838709677419,0.4888888888888889,Warm,Feels similar,Low pressure,Moderate wind
7.2,2.56,6.35,8.23,1013,85,1013,1008,9.77,2024-12-08,05:31,2024-12-08 05:31:00,0.6774193548387096,0.5555555555555556,Cold,Feels much colder,Low pressure,High wind
6.12,3.17,5.46,7.22,1018,76,1018,1013,4.12,2024-12-06,07:31,2024-12-06 07:31:00,0.3870967741935484,0.6666666666666666,Cold,Feels similar,Low pressure,Low wind
16.56,16.23,15.19,17.16,996,75,996,992,12.35,2024-11-24,09:29,2024-11-24 09:29:00,0.3548387096774194,0.17777777777777778,Warm,Feels similar,Low pressure,High wind
5.54,3.06,4.4,6.62,1016,86,1016,1012,3.13,2024-11-27,16:29,2024-11-27 16:29:00,0.7096774193548387,0.6222222222222222,Cold,Feels similar,Low pressure,Low wind
5.91,2.19,4.8,7.22,1008,94,1008,1004,5.66,2024-11-27,10:29,2024-11-27 10:29:00,0.967741935483871,0.4444444444444444,Cold,Feels similar,Low pressure,Moderate wind
12.07,11.73,11.5,12.68,1015,92,1015,1010,4.63,2024-12-01,08:30,2024-12-01 08:30:00,0.9032258064516129,0.6,Warm,Feels similar,Low pressure,Low wind
5.27,4.47,4.52,6.14,1022,89,1022,1018,1.34,2024-12-03,06:30,2024-12-03 06:30:00,0.8064516129032258,0.7555555555555555,Cold,Feels similar,High pressure,Low wind
8.91,5.06,8.16,9.81,1006,77,1006,1002,8.75,2024-12-05,22:31,2024-12-05 22:31:00,0.41935483870967744,0.4,Cold,Feels similar,Low pressure,High wind
6.12,3.79,4.69,7.19,1017,88,1017,1012,3.09,2024-11-26,22:29,2024-11-26 22:29:00,0.7741935483870968,0.6444444444444445,Cold,Feels similar,Low pressure,Low wind
11.15,10.75,10.63,11.89,998,93,998,994,9.26,2024-12-06,23:31,2024-12-06 23:31:00,0.9354838709677419,0.2222222222222222,Warm,Feels similar,Low pressure,High wind
6.91,1.2,6.36,8.0,1003,80,1003,998,14.4,2024-12-07,21:31,2024-12-07 21:31:00,0.5161290322580645,0.3333333333333333,Cold,Feels much colder,Low pressure,High wind
11.73,11.33,11.05,12.3,1021,91,1021,1016,4.12,2024-11-30,22:30,2024-11-30 22:30:00,0.8709677419354839,0.7333333333333333,Warm,Feels similar,High pressure,Low wind
5.62,1.82,4.56,6.41,1013,89,1013,1008,5.66,2024-11-27,13:29,2024-11-27 13:29:00,0.8064516129032258,0.5555555555555556,Cold,Feels similar,Low pressure,Moderate wind
10.86,10.43,10.29,11.33,1010,93,1010,1006,8.23,2024-12-05,05:31,2024-12-05 05:31:00,0.9354838709677419,0.4888888888888889,Warm,Feels similar,Low pressure,High wind
7.51,4.02,6.89,8.33,1020,77,1020,1015,6.17,2024-12-06,10:31,2024-12-06 10:31:00,0.41935483870967744,0.7111111111111111,Cold,Feels similar,High pressure,Moderate wind
2.57,-0.04,1.1,3.89,1029,93,1029,1025,2.57,2024-11-28,22:30,2024-11-28 22:30:00,0.9354838709677419,0.9111111111111111,Cold,Feels similar,High pressure,Low wind
9.65,6.91,8.56,10.03,1024,66,1024,1020,5.66,2024-11-29,15:30,2024-11-29 15:30:00,0.06451612903225806,0.8,Cold,Feels similar,High pressure,Moderate wind
8.32,6.78,7.05,8.98,1024,79,1024,1019,2.57,2024-11-29,22:30,2024-11-29 22:30:00,0.4838709677419355,0.8,Cold,Feels similar,High pressure,Low wind
8.61,4.67,7.74,9.53,1011,75,1011,1007,8.75,2024-12-06,02:31,2024-12-06 02:31:00,0.3548387096774194,0.5111111111111111,Cold,Feels similar,Low pressure,High wind
6.36,2.76,5.58,7.31,1019,78,1019,1015,5.66,2024-12-06,09:31,2024-12-06 09:31:00,0.45161290322580644,0.6888888888888889,Cold,Feels similar,High pressure,Moderate wind
6.03,1.95,5.54,6.9,1032,89,1032,1027,6.69,2024-12-10,03:31,2024-12-10 03:31:00,0.8064516129032258,0.9777777777777777,Cold,Feels much colder,High pressure,Moderate wind
5.95,4.42,5.07,6.81,1022,85,1022,1017,2.06,2024-12-03,03:30,2024-12-03 03:30:00,0.6774193548387096,0.7555555555555555,Cold,Feels similar,High pressure,Low wind
12.01,11.62,11.4,12.81,1012,90,1012,1007,5.14,2024-12-01,22:30,2024-12-01 22:30:00,0.8387096774193549,0.5333333333333333,Warm,Feels similar,Low pressure,Moderate wind
6.09,2.02,5.23,6.72,1033,88,1033,1028,6.69,2024-12-10,08:31,2024-12-10 08:31:00,0.7741935483870968,1.0,Cold,Feels much colder,High pressure,Moderate wind
13.11,12.88,12.2,14.12,996,92,996,992,9.26,2024-11-23,18:29,2024-11-23 18:29:00,0.9032258064516129,0.17777777777777778,Warm,Feels similar,Low pressure,High wind
7.67,3.88,7.18,8.16,1027,84,1027,1023,7.2,2024-12-09,00:31,2024-12-09 00:31:00,0.6451612903225806,0.8666666666666667,Cold,Feels similar,High pressure,Moderate wind
9.99,7.17,9.39,10.59,1013,79,1013,1008,6.17,2024-12-02,13:30,2024-12-02 13:30:00,0.4838709677419355,0.5555555555555556,Cold,Feels similar,Low pressure,Moderate wind
4.55,1.55,2.85,6.05,1014,88,1014,1010,3.6,2024-11-26,08:29,2024-11-26 08:29:00,0.7741935483870968,0.5777777777777777,Cold,Feels similar,Low pressure,Low wind
8.33,5.44,7.73,8.98,1016,79,1016,1012,5.14,2024-12-02,18:30,2024-12-02 18:30:00,0.4838709677419355,0.6222222222222222,Cold,Feels similar,Low pressure,Moderate wind
10.9,10.13,9.9,11.75,1001,80,1001,997,7.2,2024-11-25,11:29,2024-11-25 11:29:00,0.5161290322580645,0.28888888888888886,Warm,Feels similar,Low pressure,Moderate wind
13.16,12.86,12.45,13.71,1023,89,1023,1018,4.63,2024-11-30,16:30,2024-11-30 16:30:00,0.8064516129032258,0.7777777777777778,Warm,Feels similar,High pressure,Low wind
10.14,9.59,9.39,10.81,1023,91,1023,1019,3.09,2024-11-30,04:30,2024-11-30 04:30:00,0.8709677419354839,0.7777777777777778,Warm,Feels similar,High pressure,Low wind
13.11,12.8,12.3,13.93,1003,89,1003,999,6.69,2024-12-05,16:31,2024-12-05 16:31:00,0.8064516129032258,0.3333333333333333,Warm,Feels similar,Low pressure,Moderate wind
9.16,5.8,8.82,9.81,1017,92,1017,1013,7.2,2024-12-04,23:31,2024-12-04 23:31:00,0.9032258064516129,0.6444444444444445,Cold,Feels similar,Low pressure,Moderate wind
6.65,1.7,6.07,7.27,989,89,989,984,10.29,2024-12-07,12:31,2024-12-07 12:31:00,0.8064516129032258,0.022222222222222223,Cold,Feels much colder,Low pressure,High wind
3.21,0.72,1.77,5.09,1027,93,1027,1023,2.57,2024-11-29,04:30,2024-11-29 04:30:00,0.9354838709677419,0.8666666666666667,Cold,Feels similar,High pressure,Low wind
4.11,1.78,3.01,5.81,1019,89,1019,1014,2.57,2024-11-27,18:29,2024-11-27 18:29:00,0.8064516129032258,0.6888888888888889,Cold,Feels similar,High pressure,Low wind
14.0,13.78,13.3,14.83,1007,89,1007,1003,6.17,2024-12-05,13:31,2024-12-05 13:31:00,0.8064516129032258,0.4222222222222222,Warm,Feels similar,Low pressure,Moderate wind
14.83,14.72,14.18,15.65,996,90,996,992,10.29,2024-11-24,02:29,2024-11-24 02:29:00,0.8387096774193549,0.17777777777777778,Warm,Feels similar,Low pressure,High wind
3.16,1.16,1.93,4.73,1028,94,1028,1024,2.06,2024-11-29,01:30,2024-11-29 01:30:00,0.967741935483871,0.8888888888888888,Cold,Feels similar,High pressure,Low wind
16.8,16.44,15.39,17.47,996,73,996,992,12.86,2024-11-24,10:29,2024-11-24 10:29:00,0.2903225806451613,0.17777777777777778,Warm,Feels similar,Low pressure,High wind
8.69,5.52,7.51,9.83,1012,88,1012,1007,6.17,2024-12-02,07:30,2024-12-02 07:30:00,0.7741935483870968,0.5333333333333333,Cold,Feels similar,Low pressure,Moderate wind
11.46,10.36,9.81,12.31,1003,65,1003,998,9.77,2024-11-25,14:29,2024-11-25 14:29:00,0.03225806451612903,0.3333333333333333,Warm,Feels similar,Low pressure,High wind
13.63,13.4,12.74,14.46,1023,90,1023,1018,4.12,2024-11-30,13:30,2024-11-30 13:30:00,0.8387096774193549,0.7777777777777778,Warm,Feels similar,High pressure,Low wind
6.61,3.29,5.13,8.92,1007,93,1007,1002,5.14,2024-11-27,09:29,2024-11-27 09:29:00,0.9354838709677419,0.4222222222222222,Cold,Feels similar,Low pressure,Moderate wind
10.43,9.96,9.93,11.14,1011,93,1011,1007,8.23,2024-12-05,03:31,2024-12-05 03:31:00,0.9354838709677419,0.5111111111111111,Warm,Feels similar,Low pressure,High wind
7.78,4.02,6.9,8.36,1030,79,1030,1026,7.2,2024-12-09,13:31,2024-12-09 13:31:00,0.4838709677419355,0.9333333333333333,Cold,Feels similar,High pressure,Moderate wind
3.22,1.23,2.12,4.27,1026,94,1026,1021,2.06,2024-12-04,04:30,2024-12-04 04:30:00,0.967741935483871,0.8444444444444444,Cold,Feels similar,High pressure,Low wind
6.41,3.53,4.52,7.87,1013,86,1013,1008,4.12,2024-11-26,05:29,2024-11-26 05:29:00,0.7096774193548387,0.5555555555555556,Cold,Feels similar,Low pressure,Low wind
7.17,3.24,6.63,7.83,1032,79,1032,1028,7.2,2024-12-09,22:31,2024-12-09 22:31:00,0.4838709677419355,0.9777777777777777,Cold,Feels similar,High pressure,Moderate wind
12.08,11.8,11.63,12.6,1012,94,1012,1008,5.14,2024-12-01,12:30,2024-12-01 12:30:00,0.967741935483871,0.5333333333333333,Warm,Feels similar,Low pressure,Moderate wind
6.45,3.32,5.38,7.24,1013,91,1013,1009,4.63,2024-11-27,01:29,2024-11-27 01:29:00,0.8709677419354839,0.5555555555555556,Cold,Feels similar,Low pressure,Low wind
11.89,11.59,11.4,12.44,997,94,997,992,8.75,2024-12-07,00:31,2024-12-07 00:31:00,0.967741935483871,0.2,Warm,Feels similar,Low pressure,High wind
11.39,10.99,10.42,12.47,997,92,997,993,9.77,2024-11-23,15:29,2024-11-23 15:29:00,0.9032258064516129,0.2,Warm,Feels similar,Low pressure,High wind
7.98,5.73,6.9,8.81,1014,76,1014,1009,3.6,2024-12-06,17:31,2024-12-06 17:31:00,0.3870967741935484,0.5777777777777777,Cold,Feels similar,Low pressure,Low wind
7.34,6.27,5.54,8.81,1017,80,1017,1012,1.82,2024-11-26,16:29,2024-11-26 16:29:00,0.5161290322580645,0.6444444444444445,Cold,Feels similar,Low pressure,Low wind
6.88,3.41,6.6,7.44,1030,86,1030,1026,5.66,2024-12-09,07:31,2024-12-09 07:31:00,0.7096774193548387,0.9333333333333333,Cold,Feels similar,High pressure,Moderate wind
3.82,3.82,2.17,4.93,1025,89,1025,1020,0.51,2024-12-03,21:30,2024-12-03 21:30:00,0.8064516129032258,0.8222222222222222,Cold,Feels similar,High pressure,Low wind
6.33,1.41,5.56,7.33,1017,89,1017,1013,9.77,2024-12-08,12:31,2024-12-08 12:31:00,0.8064516129032258,0.6444444444444445,Cold,Feels much colder,Low pressure,High wind
5.04,3.94,3.73,6.16,1024,89,1024,1020,1.54,2024-12-03,19:30,2024-12-03 19:30:00,0.8064516129032258,0.8,Cold,Feels similar,High pressure,Low wind
11.61,11.15,10.51,12.81,1011,89,1011,1006,4.12,2024-12-02,01:30,2024-12-02 01:30:00,0.8064516129032258,0.5111111111111111,Warm,Feels similar,Low pressure,Low wind
9.52,6.58,8.9,9.96,1012,86,1012,1008,6.17,2024-12-02,10:30,2024-12-02 10:30:00,0.7096774193548387,0.5333333333333333,Cold,Feels similar,Low pressure,Moderate wind
2.04,0.51,0.38,3.16,1026,93,1026,1021,1.54,2024-12-04,01:30,2024-12-04 01:30:00,0.9354838709677419,0.8444444444444444,Cold,Feels similar,High pressure,Low wind
6.06,0.8,5.52,6.9,1016,88,1016,1011,10.8,2024-12-08,08:31,2024-12-08 08:31:00,0.7741935483870968,0.6222222222222222,Cold,Feels much colder,Low pressure,High wind
1.3,1.3,-0.46,2.81,1028,95,1028,1024,1.03,2024-11-28,09:29,2024-11-28 09:29:00,1.0,0.8888888888888888,Cold,Feels similar,High pressure,Low wind
11.99,11.59,11.4,12.81,1012,90,1012,1008,4.12,2024-12-01,17:30,2024-12-01 17:30:00,0.8387096774193549,0.5333333333333333,Warm,Feels similar,Low pressure,Low wind
9.48,5.06,8.85,10.78,990,78,990,986,12.35,2024-12-07,05:31,2024-12-07 05:31:00,0.45161290322580644,0.044444444444444446,Cold,Feels much colder,Low pressure,High wind
2.13,2.13,0.93,2.81,1025,93,1025,1020,1.03,2024-11-28,02:29,2024-11-28 02:29:00,0.9354838709677419,0.8222222222222222,Cold,Feels similar,High pressure,Low wind
11.01,10.54,10.23,11.57,1016,91,1016,1011,5.14,2024-12-01,05:30,2024-12-01 05:30:00,0.8709677419354839,0.6222222222222222,Warm,Feels similar,Low pressure,Moderate wind
6.7,2.8,5.92,7.14,1031,85,1031,1026,6.69,2024-12-09,09:31,2024-12-09 09:31:00,0.6774193548387096,0.9555555555555556,Cold,Feels similar,High pressure,Moderate wind
10.31,9.07,9.14,11.12,1025,64,1025,1020,6.69,2024-11-29,14:30,2024-11-29 14:30:00,0.0,0.8222222222222222,Warm,Feels similar,High pressure,Moderate wind
15.0,14.64,12.94,16.72,994,80,994,990,10.8,2024-11-24,20:29,2024-11-24 20:29:00,0.5161290322580645,0.13333333333333333,Warm,Feels similar,Low pressure,High wind
13.03,12.76,12.71,13.57,1000,91,1000,996,8.75,2024-12-05,18:31,2024-12-05 18:31:00,0.8709677419354839,0.26666666666666666,Warm,Feels similar,Low pressure,High wind
8.18,5.97,7.71,9.12,1023,89,1023,1019,3.6,2024-12-04,16:31,2024-12-04 16:31:00,0.8064516129032258,0.7777777777777778,Cold,Feels similar,High pressure,Low wind
12.73,12.46,11.9,13.16,1023,92,1023,1018,3.6,2024-11-30,18:30,2024-11-30 18:30:00,0.9032258064516129,0.7777777777777778,Warm,Feels similar,High pressure,Low wind
10.12,9.07,8.78,11.15,1016,72,1016,1012,3.09,2024-11-26,13:29,2024-11-26 13:29:00,0.25806451612903225,0.6222222222222222,Warm,Feels similar,Low pressure,Low wind
4.2,1.89,3.23,5.39,1026,94,1026,1021,2.57,2024-12-04,07:30,2024-12-04 07:30:00,0.967741935483871,0.8444444444444444,Cold,Feels similar,High pressure,Low wind
8.41,6.25,7.73,8.98,1010,85,1010,1005,3.6,2024-12-06,19:31,2024-12-06 19:31:00,0.6774193548387096,0.4888888888888889,Cold,Feels similar,Low pressure,Low wind
4.65,4.65,3.19,6.07,1017,88,1017,1013,0.51,2024-11-26,18:29,2024-11-26 18:29:00,0.7741935483870968,0.6444444444444445,Cold,Feels similar,Low pressure,Low wind
5.99,1.24,5.25,6.81,1017,89,1017,1012,8.75,2024-12-08,10:31,2024-12-08 10:31:00,0.8064516129032258,0.6444444444444445,Cold,Feels much colder,Low pressure,High wind
9.69,7.15,8.43,11.06,995,92,995,991,5.14,2024-11-25,01:29,2024-11-25 01:29:00,0.9032258064516129,0.15555555555555556,Cold,Feels similar,Low pressure,Moderate wind
10.26,9.06,8.76,11.13,1025,66,1025,1020,5.14,2024-11-29,13:30,2024-11-29 13:30:00,0.06451612903225806,0.8222222222222222,Warm,Feels similar,High pressure,Moderate wind
7.24,3.33,6.62,7.83,1029,86,1029,1025,7.2,2024-12-09,05:31,2024-12-09 05:31:00,0.7096774193548387,0.9111111111111111,Cold,Feels similar,High pressure,Moderate wind
13.53,13.31,12.75,14.19,997,91,997,993,10.8,2024-11-23,20:29,2024-11-23 20:29:00,0.8709677419354839,0.2,Warm,Feels similar,Low pressure,High wind
7.88,4.0,7.16,8.81,1026,85,1026,1021,7.72,2024-12-08,22:31,2024-12-08 22:31:00,0.6774193548387096,0.8444444444444444,Cold,Feels similar,High pressure,Moderate wind
6.96,6.13,5.79,8.0,1023,79,1023,1019,1.54,2024-12-03,15:30,2024-12-03 15:30:00,0.4838709677419355,0.7777777777777778,Cold,Feels similar,High pressure,Low wind
4.86,2.27,3.45,6.2,1018,87,1018,1013,3.09,2024-11-27,17:29,2024-11-27 17:29:00,0.7419354838709677,0.6666666666666666,Cold,Feels similar,Low pressure,Low wind
11.33,10.92,10.54,12.05,1018,92,1018,1014,5.66,2024-12-01,02:30,2024-12-01 02:30:00,0.9032258064516129,0.6666666666666666,Warm,Feels similar,Low pressure,Moderate wind
14.8,14.69,13.73,15.61,997,90,997,993,8.75,2024-11-23,23:29,2024-11-23 23:29:00,0.8387096774193549,0.2,Warm,Feels similar,Low pressure,High wind
7.0,1.23,6.5,7.73,1000,80,1000,996,14.92,2024-12-07,19:31,2024-12-07 19:31:00,0.5161290322580645,0.26666666666666666,Cold,Feels much colder,Low pressure,High wind
6.87,2.39,6.36,7.81,1019,89,1019,1014,8.75,2024-12-08,15:31,2024-12-08 15:31:00,0.8064516129032258,0.6888888888888889,Cold,Feels much colder,High pressure,High wind
5.95,3.58,5.07,6.89,1021,85,1021,1017,3.09,2024-12-03,02:30,2024-12-03 02:30:00,0.6774193548387096,0.7333333333333333,Cold,Feels similar,High pressure,Low wind
16.69,16.35,15.08,17.72,995,74,995,990,9.83,2024-11-24,15:29,2024-11-24 15:29:00,0.3225806451612903,0.15555555555555556,Warm,Feels similar,Low pressure,High wind
10.47,10.03,9.93,11.35,1010,94,1010,1006,8.75,2024-12-05,04:31,2024-12-05 04:31:00,0.967741935483871,0.4888888888888889,Warm,Feels similar,Low pressure,High wind
11.9,11.52,11.07,12.46,1015,91,1015,1010,4.63,2024-12-01,07:30,2024-12-01 07:30:00,0.8709677419354839,0.6,Warm,Feels similar,Low pressure,Low wind
6.77,2.89,5.79,7.27,1033,81,1033,1028,6.69,2024-12-10,11:31,2024-12-10 11:31:00,0.5483870967741935,1.0,Cold,Feels similar,High pressure,Moderate wind
1.86,0.62,-0.32,3.33,1024,93,1024,1019,1.34,2024-11-28,00:29,2024-11-28 00:29:00,0.9354838709677419,0.8,Cold,Feels similar,High pressure,Low wind
7.22,3.14,6.4,7.93,1030,83,1030,1026,7.72,2024-12-09,14:31,2024-12-09 14:31:00,0.6129032258064516,0.9333333333333333,Cold,Feels much colder,High pressure,Moderate wind
9.31,6.67,8.29,10.02,1019,70,1019,1014,5.14,2024-12-06,12:31,2024-12-06 12:31:00,0.1935483870967742,0.6888888888888889,Cold,Feels similar,High pressure,Moderate wind
5.64,1.64,4.52,6.81,1010,93,1010,1005,6.17,2024-11-27,11:29,2024-11-27 11:29:00,0.9354838709677419,0.4888888888888889,Cold,Feels similar,Low pressure,Moderate wind
15.55,15.28,14.28,16.2,995,81,995,991,10.8,2024-11-24,05:29,2024-11-24 05:29:00,0.5483870967741935,0.15555555555555556,Warm,Feels similar,Low pressure,High wind
5.07,3.98,4.4,5.93,1022,89,1022,1018,1.54,2024-12-03,07:30,2024-12-03 07:30:00,0.8064516129032258,0.7555555555555555,Cold,Feels similar,High pressure,Low wind
13.66,13.41,12.85,14.01,1007,89,1007,1002,5.14,2024-12-05,14:31,2024-12-05 14:31:00,0.8064516129032258,0.4222222222222222,Warm,Feels similar,Low pressure,Moderate wind
11.65,10.67,10.38,12.31,1002,69,1002,998,8.75,2024-11-25,13:29,2024-11-25 13:29:00,0.16129032258064516,0.3111111111111111,Warm,Feels similar,Low pressure,High wind
8.85,5.12,7.93,9.53,1007,77,1007,1003,8.23,2024-12-06,00:31,2024-12-06 00:31:00,0.41935483870967744,0.4222222222222222,Cold,Feels similar,Low pressure,High wind
9.85,6.84,9.12,10.59,1012,82,1012,1008,6.69,2024-12-02,11:30,2024-12-02 11:30:00,0.5806451612903226,0.5333333333333333,Cold,Feels similar,Low pressure,Moderate wind
6.78,0.84,5.63,7.83,989,85,989,984,15.43,2024-12-07,09:31,2024-12-07 09:31:00,0.6774193548387096,0.022222222222222223,Cold,Feels much colder,Low pressure,High wind
7.69,4.07,7.18,8.38,1028,84,1028,1024,6.69,2024-12-09,02:31,2024-12-09 02:31:00,0.6451612903225806,0.8888888888888888,Cold,Feels similar,High pressure,Moderate wind
6.47,2.34,5.54,7.27,1032,84,1032,1027,7.2,2024-12-10,01:31,2024-12-10 01:31:00,0.6451612903225806,0.9777777777777777,Cold,Feels much colder,High pressure,Moderate wind
12.3,11.96,11.63,13.0,1012,91,1012,1008,4.12,2024-12-01,20:30,2024-12-01 20:30:00,0.8709677419354839,0.5333333333333333,Warm,Feels similar,Low pressure,Low wind
7.13,5.63,6.49,8.0,1024,81,1024,1020,2.24,2024-11-29,19:30,2024-11-29 19:30:00,0.5483870967741935,0.8,Cold,Feels similar,High pressure,Low wind
0.2,-1.59,-1.29,1.67,1026,95,1026,1022,1.54,2024-11-28,06:29,2024-11-28 06:29:00,1.0,0.8444444444444444,Cold,Feels similar,High pressure,Low wind
6.88,3.41,6.09,7.87,1015,75,1015,1011,5.66,2024-12-06,05:31,2024-12-06 05:31:00,0.3548387096774194,0.6,Cold,Feels similar,Low pressure,Moderate wind
10.12,9.49,9.18,10.94,1011,88,1011,1007,6.17,2024-12-02,05:30,2024-12-02 05:30:00,0.7741935483870968,0.5111111111111111,Warm,Feels similar,Low pressure,Moderate wind
17.07,16.71,15.67,17.81,996,72,996,991,13.38,2024-11-24,12:29,2024-11-24 12:29:00,0.25806451612903225,0.17777777777777778,Warm,Feels similar,Low pressure,High wind
6.25,5.32,4.9,7.22,1024,81,1024,1019,1.54,2024-12-03,16:30,2024-12-03 16:30:00,0.5483870967741935,0.8,Cold,Feels similar,High pressure,Low wind
14.54,14.43,13.44,15.23,996,91,996,992,9.26,2024-11-24,00:29,2024-11-24 00:29:00,0.8709677419354839,0.17777777777777778,Warm,Feels similar,Low pressure,High wind
5.86,2.35,4.76,6.75,1014,87,1014,1009,5.14,2024-11-27,14:29,2024-11-27 14:29:00,0.7419354838709677,0.5777777777777777,Cold,Feels similar,Low pressure,Moderate wind
10.04,9.37,8.92,10.65,1023,87,1023,1019,3.09,2024-11-30,03:30,2024-11-30 03:30:00,0.7419354838709677,0.7777777777777778,Warm,Feels similar,High pressure,Low wind
8.35,5.47,6.67,9.47,1007,76,1007,1002,5.14,2024-11-25,18:29,2024-11-25 18:29:00,0.3870967741935484,0.4222222222222222,Cold,Feels similar,Low pressure,Moderate wind
2.64,0.04,0.78,3.9,1030,92,1030,1025,2.57,2024-11-28,19:29,2024-11-28 19:29:00,0.9032258064516129,0.9333333333333333,Cold,Feels similar,High pressure,Low wind
13.37,13.22,12.73,14.01,1010,94,1010,1006,6.17,2024-12-05,09:31,2024-12-05 09:31:00,0.967741935483871,0.4888888888888889,Warm,Feels similar,Low pressure,Moderate wind
7.44,5.07,6.33,8.35,1027,84,1027,1022,3.6,2024-11-29,10:30,2024-11-29 10:30:00,0.6451612903225806,0.8666666666666667,Cold,Feels similar,High pressure,Low wind
15.7,15.34,14.25,16.81,994,77,994,990,11.32,2024-11-24,18:29,2024-11-24 18:29:00,0.41935483870967744,0.13333333333333333,Warm,Feels similar,Low pressure,High wind
2.47,0.35,0.79,3.93,1022,92,1022,1018,2.06,2024-11-27,22:29,2024-11-27 22:29:00,0.9032258064516129,0.7555555555555555,Cold,Feels similar,High pressure,Low wind
4.56,1.91,3.28,5.65,1026,92,1026,1021,3.09,2024-12-04,08:30,2024-12-04 08:30:00,0.9032258064516129,0.8444444444444444,Cold,Feels similar,High pressure,Low wind
9.31,6.88,8.29,10.03,1021,85,1021,1017,4.63,2024-12-04,19:31,2024-12-04 19:31:00,0.6774193548387096,0.7333333333333333,Cold,Feels similar,High pressure,Low wind
7.49,5.8,6.96,8.92,1025,87,1025,1021,2.57,2024-12-04,12:31,2024-12-04 12:31:00,0.7419354838709677,0.8222222222222222,Cold,Feels similar,High pressure,Low wind
12.67,12.39,11.65,13.16,1022,92,1022,1018,5.14,2024-11-30,20:30,2024-11-30 20:30:00,0.9032258064516129,0.7555555555555555,Warm,Feels similar,High pressure,Moderate wind
6.2,2.16,5.54,7.01,1032,89,1032,1027,6.69,2024-12-10,04:31,2024-12-10 04:31:00,0.8064516129032258,0.9777777777777777,Cold,Feels much colder,High pressure,Moderate wind
5.42,3.34,4.27,6.69,1027,90,1027,1023,2.57,2024-11-29,09:30,2024-11-29 09:30:00,0.8387096774193549,0.8666666666666667,Cold,Feels similar,High pressure,Low wind
6.47,1.0,5.81,7.46,1005,83,1005,1000,12.35,2024-12-07,23:31,2024-12-07 23:31:00,0.6129032258064516,0.37777777777777777,Cold,Feels much colder,Low pressure,High wind
5.09,2.95,3.66,6.4,1017,88,1017,1013,2.57,2024-11-26,20:29,2024-11-26 20:29:00,0.7741935483870968,0.6444444444444445,Cold,Feels similar,Low pressure,Low wind
7.34,5.54,6.4,7.93,1020,87,1020,1015,2.68,2024-12-02,22:30,2024-12-02 22:30:00,0.7419354838709677,0.7111111111111111,Cold,Feels similar,High pressure,Low wind
6.97,5.45,6.4,8.0,1026,89,1026,1022,2.24,2024-12-04,11:30,2024-12-04 11:30:00,0.8064516129032258,0.8444444444444444,Cold,Feels similar,High pressure,Low wind
11.52,10.87,10.29,12.93,1003,82,1003,998,11.83,2024-12-05,20:31,2024-12-05 20:31:00,0.5806451612903226,0.3333333333333333,Warm,Feels similar,Low pressure,High wind
5.65,4.07,4.96,6.33,1022,86,1022,1017,2.06,2024-12-03,04:30,2024-12-03 04:30:00,0.7096774193548387,0.7555555555555555,Cold,Feels similar,High pressure,Low wind
3.29,1.94,2.05,4.73,1028,93,1028,1023,1.54,2024-11-29,03:30,2024-11-29 03:30:00,0.9354838709677419,0.8888888888888888,Cold,Feels similar,High pressure,Low wind
7.82,3.92,6.9,8.38,1032,81,1032,1027,7.72,2024-12-09,19:31,2024-12-09 19:31:00,0.5483870967741935,0.9777777777777777,Cold,Feels similar,High pressure,Moderate wind
6.7,1.9,6.09,7.31,1020,89,1020,1015,9.77,2024-12-08,16:31,2024-12-08 16:31:00,0.8064516129032258,0.7111111111111111,Cold,Feels much colder,High pressure,High wind
12.89,12.66,12.18,13.36,1023,93,1023,1019,5.14,2024-11-30,11:30,2024-11-30 11:30:00,0.9354838709677419,0.7777777777777778,Warm,Feels similar,High pressure,Moderate wind
6.68,1.74,5.52,7.31,1015,86,1015,1010,10.29,2024-12-08,07:31,2024-12-08 07:31:00,0.7096774193548387,0.6,Cold,Feels much colder,Low pressure,High wind
6.64,2.91,5.9,7.44,1031,84,1031,1026,6.17,2024-12-09,08:31,2024-12-09 08:31:00,0.6451612903225806,0.9555555555555556,Cold,Feels similar,High pressure,Moderate wind
14.0,13.75,12.92,14.95,1023,88,1023,1018,3.6,2024-11-30,14:30,2024-11-30 14:30:00,0.7741935483870968,0.7777777777777778,Warm,Feels similar,High pressure,Low wind
7.18,3.73,6.57,7.81,1009,88,1009,1004,5.81,2024-12-08,02:31,2024-12-08 02:31:00,0.7741935483870968,0.4666666666666667,Cold,Feels similar,Low pressure,Moderate wind
10.8,10.36,9.93,11.35,1023,93,1023,1019,3.6,2024-11-30,06:30,2024-11-30 06:30:00,0.9354838709677419,0.7777777777777778,Warm,Feels similar,High pressure,Low wind
2.44,0.32,0.78,3.9,1030,92,1030,1025,2.06,2024-11-28,20:30,2024-11-28 20:30:00,0.9032258064516129,0.9333333333333333,Cold,Feels similar,High pressure,Low wind
12.12,11.87,11.63,13.0,1010,95,1010,1006,5.14,2024-12-05,07:31,2024-12-05 07:31:00,1.0,0.4888888888888889,Warm,Feels similar,Low pressure,Moderate wind
6.26,0.41,5.58,6.93,988,89,988,984,13.89,2024-12-07,10:31,2024-12-07 10:31:00,0.8064516129032258,0.0,Cold,Feels much colder,Low pressure,High wind
8.36,5.28,7.51,9.44,1012,90,1012,1007,5.66,2024-12-02,08:30,2024-12-02 08:30:00,0.8387096774193549,0.5333333333333333,Cold,Feels similar,Low pressure,Moderate wind
2.71,1.28,1.57,3.81,1025,95,1025,1021,1.54,2024-12-04,03:30,2024-12-04 03:30:00,1.0,0.8222222222222222,Cold,Feels similar,High pressure,Low wind
11.21,10.66,10.29,12.05,1011,87,1011,1007,5.14,2024-12-02,03:30,2024-12-02 03:30:00,0.7419354838709677,0.5111111111111111,Warm,Feels similar,Low pressure,Moderate wind
6.4,3.81,4.27,8.16,1012,84,1012,1007,3.6,2024-11-26,02:29,2024-11-26 02:29:00,0.6451612903225806,0.5333333333333333,Cold,Feels similar,Low pressure,Low wind
8.36,6.83,6.06,11.34,1006,94,1006,1001,2.57,2024-11-27,06:29,2024-11-27 06:29:00,0.967741935483871,0.4,Cold,Feels similar,Low pressure,Low wind
12.82,12.61,12.12,13.36,1012,94,1012,1008,4.63,2024-12-01,15:30,2024-12-01 15:30:00,0.967741935483871,0.5333333333333333,Warm,Feels similar,Low pressure,Low wind
6.21,0.88,5.63,6.93,991,91,991,987,11.32,2024-12-07,13:31,2024-12-07 13:31:00,0.8709677419354839,0.06666666666666667,Cold,Feels much colder,Low pressure,High wind
12.85,12.54,10.51,14.81,994,90,994,990,7.72,2024-11-24,22:29,2024-11-24 22:29:00,0.8387096774193549,0.13333333333333333,Warm,Feels similar,Low pressure,Moderate wind
9.86,7.18,9.0,10.64,995,91,995,991,5.66,2024-11-25,04:29,2024-11-25 04:29:00,0.8709677419354839,0.15555555555555556,Cold,Feels similar,Low pressure,Moderate wind
6.3,5.38,4.9,7.87,1029,84,1029,1025,1.54,2024-11-28,14:29,2024-11-28 14:29:00,0.6451612903225806,0.9111111111111111,Cold,Feels similar,High pressure,Low wind
6.44,3.31,5.02,8.0,1010,81,1010,1005,4.63,2024-11-25,22:29,2024-11-25 22:29:00,0.5483870967741935,0.4888888888888889,Cold,Feels similar,Low pressure,Low wind
6.47,4.21,5.1,7.44,1015,90,1015,1010,3.09,2024-11-27,00:29,2024-11-27 00:29:00,0.8387096774193549,0.6,Cold,Feels similar,Low pressure,Low wind
9.02,6.74,7.61,10.02,1016,76,1016,1011,4.12,2024-11-26,11:29,2024-11-26 11:29:00,0.3870967741935484,0.6222222222222222,Cold,Feels similar,Low pressure,Low wind
2.94,0.4,1.93,4.73,1029,93,1029,1024,2.57,2024-11-29,00:30,2024-11-29 00:30:00,0.9354838709677419,0.9111111111111111,Cold,Feels similar,High pressure,Low wind
6.67,1.61,6.1,7.46,996,84,996,991,10.8,2024-12-07,16:31,2024-12-07 16:31:00,0.6451612903225806,0.17777777777777778,Cold,Feels much colder,Low pressure,High wind
9.89,6.89,9.4,10.79,1014,92,1014,1010,6.69,2024-12-05,01:31,2024-12-05 01:31:00,0.9032258064516129,0.5777777777777777,Cold,Feels similar,Low pressure,Moderate wind
3.34,0.87,2.18,4.81,1021,91,1021,1016,2.57,2024-11-27,20:29,2024-11-27 20:29:00,0.8709677419354839,0.7333333333333333,Cold,Feels similar,High pressure,Low wind
8.61,5.6,7.8,9.01,1015,77,1015,1011,5.66,2024-12-02,17:30,2024-12-02 17:30:00,0.41935483870967744,0.6,Cold,Feels similar,Low pressure,Moderate wind
5.58,2.51,3.45,6.92,1013,87,1013,1009,4.12,2024-11-26,07:29,2024-11-26 07:29:00,0.7419354838709677,0.5555555555555556,Cold,Feels similar,Low pressure,Low wind
4.01,1.97,2.73,4.83,1026,93,1026,1021,2.24,2024-12-04,06:30,2024-12-04 06:30:00,0.9354838709677419,0.8444444444444444,Cold,Feels similar,High pressure,Low wind
7.95,5.99,7.17,8.81,1018,87,1018,1014,3.09,2024-12-02,20:30,2024-12-02 20:30:00,0.7419354838709677,0.6666666666666666,Cold,Feels similar,Low pressure,Low wind
11.5,10.85,10.52,12.25,994,82,994,990,8.23,2024-12-07,02:31,2024-12-07 02:31:00,0.5806451612903226,0.13333333333333333,Warm,Feels similar,Low pressure,High wind
7.25,3.69,5.66,8.73,1009,92,1009,1005,6.17,2024-11-27,03:29,2024-11-27 03:29:00,0.9032258064516129,0.4666666666666667,Cold,Feels similar,Low pressure,Moderate wind
12.34,12.01,11.63,13.01,1014,91,1014,1009,5.66,2024-12-01,10:30,2024-12-01 10:30:00,0.8709677419354839,0.5777777777777777,Warm,Feels similar,Low pressure,Moderate wind
7.7,3.76,6.9,8.38,1032,80,1032,1028,7.72,2024-12-09,20:31,2024-12-09 20:31:00,0.5161290322580645,0.9777777777777777,Cold,Feels similar,High pressure,Moderate wind
12.7,12.43,11.64,13.76,996,92,996,992,9.26,2024-11-23,17:29,2024-11-23 17:29:00,0.9032258064516129,0.17777777777777778,Warm,Feels similar,Low pressure,High wind
5.98,2.28,5.51,6.61,1032,90,1032,1028,5.66,2024-12-10,07:31,2024-12-10 07:31:00,0.8387096774193549,0.9777777777777777,Cold,Feels similar,High pressure,Moderate wind
6.14,1.16,5.29,6.81,1017,88,1017,1012,9.77,2024-12-08,09:31,2024-12-08 09:31:00,0.7741935483870968,0.6444444444444445,Cold,Feels much colder,Low pressure,High wind
9.01,8.48,7.61,10.0,1024,84,1024,1019,1.54,2024-11-30,01:30,2024-11-30 01:30:00,0.6451612903225806,0.8,Cold,Feels similar,High pressure,Low wind
10.02,8.93,8.76,11.33,1016,71,1016,1012,4.12,2024-11-26,14:29,2024-11-26 14:29:00,0.22580645161290322,0.6222222222222222,Warm,Feels similar,Low pressure,Low wind
8.77,6.43,7.85,9.47,1017,73,1017,1013,4.12,2024-12-06,15:31,2024-12-06 15:31:00,0.2903225806451613,0.6444444444444445,Cold,Feels similar,Low pressure,Low wind
3.58,1.16,2.2,4.93,1025,91,1025,1020,2.57,2024-12-03,23:30,2024-12-03 23:30:00,0.8709677419354839,0.8222222222222222,Cold,Feels similar,High pressure,Low wind
10.17,9.28,9.41,10.95,1012,78,1012,1008,7.2,2024-12-02,12:30,2024-12-02 12:30:00,0.45161290322580644,0.5333333333333333,Warm,Feels similar,Low pressure,Moderate wind
16.8,16.42,15.29,17.87,995,72,995,991,10.29,2024-11-24,14:29,2024-11-24 14:29:00,0.25806451612903225,0.15555555555555556,Warm,Feels similar,Low pressure,High wind
8.02,5.78,7.17,8.98,1017,84,1017,1013,3.6,2024-12-02,19:30,2024-12-02 19:30:00,0.6451612903225806,0.6444444444444445,Cold,Feels similar,Low pressure,Low wind
5.84,3.42,4.0,7.17,1015,86,1015,1011,3.13,2024-11-26,09:29,2024-11-26 09:29:00,0.7096774193548387,0.6,Cold,Feels similar,Low pressure,Low wind
13.08,12.79,12.18,13.71,1023,90,1023,1018,4.12,2024-11-30,17:30,2024-11-30 17:30:00,0.8387096774193549,0.7777777777777778,Warm,Feels similar,High pressure,Low wind
6.75,2.23,5.93,7.47,1007,90,1007,1003,8.75,2024-12-08,01:31,2024-12-08 01:31:00,0.8387096774193549,0.4222222222222222,Cold,Feels much colder,Low pressure,High wind
10.5,9.8,9.6,11.7,1000,84,1000,996,6.17,2024-11-25,10:29,2024-11-25 10:29:00,0.6451612903225806,0.26666666666666666,Warm,Feels similar,Low pressure,Moderate wind
12.78,12.46,12.2,13.36,1002,90,1002,997,6.69,2024-12-05,17:31,2024-12-05 17:31:00,0.8387096774193549,0.3111111111111111,Warm,Feels similar,Low pressure,Moderate wind
10.41,9.91,9.46,10.94,1023,92,1023,1019,3.09,2024-11-30,05:30,2024-11-30 05:30:00,0.9032258064516129,0.7777777777777778,Warm,Feels similar,High pressure,Low wind
3.66,1.25,2.46,4.73,1027,93,1027,1023,2.57,2024-11-29,05:30,2024-11-29 05:30:00,0.9354838709677419,0.8666666666666667,Cold,Feels similar,High pressure,Low wind
6.82,1.58,6.36,7.44,999,82,999,994,11.83,2024-12-07,18:31,2024-12-07 18:31:00,0.5806451612903226,0.24444444444444444,Cold,Feels much colder,Low pressure,High wind
3.72,0.54,2.73,5.09,1020,91,1020,1015,3.6,2024-11-27,19:29,2024-11-27 19:29:00,0.8709677419354839,0.7111111111111111,Cold,Feels similar,High pressure,Low wind
6.47,2.51,5.52,7.01,1033,84,1033,1028,6.69,2024-12-10,10:31,2024-12-10 10:31:00,0.6451612903225806,1.0,Cold,Feels similar,High pressure,Moderate wind
8.26,6.71,7.51,9.46,1024,89,1024,1020,2.57,2024-12-04,14:31,2024-12-04 14:31:00,0.8064516129032258,0.8,Cold,Feels similar,High pressure,Low wind
14.01,13.82,13.28,14.81,1007,90,1007,1003,6.17,2024-12-05,12:31,2024-12-05 12:31:00,0.8387096774193549,0.4222222222222222,Warm,Feels similar,Low pressure,Moderate wind
14.98,14.81,13.72,15.94,996,87,996,992,10.8,2024-11-24,03:29,2024-11-24 03:29:00,0.7419354838709677,0.17777777777777778,Warm,Feels similar,Low pressure,High wind
9.28,6.64,8.07,10.39,1011,87,1011,1007,5.14,2024-12-02,06:30,2024-12-02 06:30:00,0.7419354838709677,0.5111111111111111,Cold,Feels similar,Low pressure,Moderate wind
7.21,4.51,5.36,10.65,1006,93,1006,1001,4.12,2024-11-27,08:29,2024-11-27 08:29:00,0.9354838709677419,0.4,Cold,Feels similar,Low pressure,Low wind
13.23,13.01,12.74,14.01,1023,92,1023,1019,4.63,2024-11-30,12:30,2024-11-30 12:30:00,0.9032258064516129,0.7777777777777778,Warm,Feels similar,High pressure,Low wind
10.78,9.66,9.54,11.81,1004,67,1004,999,7.72,2024-11-25,15:29,2024-11-25 15:29:00,0.0967741935483871,0.35555555555555557,Warm,Feels similar,Low pressure,Moderate wind
9.43,8.1,8.28,10.23,1023,85,1023,1019,2.57,2024-11-30,02:30,2024-11-30 02:30:00,0.6774193548387096,0.7777777777777778,Cold,Feels similar,High pressure,Low wind
10.55,10.04,9.69,11.35,997,91,997,993,9.26,2024-11-23,14:29,2024-11-23 14:29:00,0.8709677419354839,0.2,Warm,Feels similar,Low pressure,High wind
5.53,3.93,3.7,7.01,1017,84,1017,1012,2.06,2024-11-26,17:29,2024-11-26 17:29:00,0.6451612903225806,0.6444444444444445,Cold,Feels similar,Low pressure,Low wind
8.31,5.87,7.2,9.01,1016,75,1016,1012,4.12,2024-12-06,16:31,2024-12-06 16:31:00,0.3548387096774194,0.6222222222222222,Cold,Feels similar,Low pressure,Low wind
4.64,4.64,3.28,6.14,1024,90,1024,1020,1.03,2024-12-03,20:30,2024-12-03 20:30:00,0.8387096774193549,0.8,Cold,Feels similar,High pressure,Low wind
7.23,3.48,6.63,7.83,1030,85,1030,1025,6.69,2024-12-09,06:31,2024-12-09 06:31:00,0.6774193548387096,0.9333333333333333,Cold,Feels similar,High pressure,Moderate wind
6.88,2.27,5.92,7.33,1018,88,1018,1013,9.26,2024-12-08,13:31,2024-12-08 13:31:00,0.7741935483870968,0.6666666666666666,Cold,Feels much colder,Low pressure,High wind
13.75,13.58,13.09,14.55,1010,92,1010,1006,6.69,2024-12-05,11:31,2024-12-05 11:31:00,0.9032258064516129,0.4888888888888889,Warm,Feels similar,Low pressure,Moderate wind
5.34,4.28,4.39,6.14,1023,90,1023,1018,1.54,2024-12-03,09:30,2024-12-03 09:30:00,0.8387096774193549,0.7777777777777778,Cold,Feels similar,High pressure,Low wind
6.31,0.78,5.63,7.25,995,88,995,990,12.35,2024-12-07,15:31,2024-12-07 15:31:00,0.7741935483870968,0.15555555555555556,Cold,Feels much colder,Low pressure,High wind
10.12,9.62,9.67,10.79,1013,93,1013,1008,7.2,2024-12-05,02:31,2024-12-05 02:31:00,0.9354838709677419,0.5555555555555556,Warm,Feels similar,Low pressure,Moderate wind
7.65,3.86,6.88,8.36,1031,79,1031,1026,7.2,2024-12-09,12:31,2024-12-09 12:31:00,0.4838709677419355,0.9555555555555556,Cold,Feels similar,High pressure,Moderate wind
3.53,1.59,2.68,4.81,1026,94,1026,1021,2.06,2024-12-04,05:30,2024-12-04 05:30:00,0.967741935483871,0.8444444444444444,Cold,Feels similar,High pressure,Low wind
8.93,3.96,7.85,9.53,989,73,989,985,14.4,2024-12-07,07:31,2024-12-07 07:31:00,0.2903225806451613,0.022222222222222223,Cold,Feels much colder,Low pressure,High wind
6.8,4.61,4.4,8.36,1012,85,1012,1008,3.09,2024-11-26,04:29,2024-11-26 04:29:00,0.6774193548387096,0.5333333333333333,Cold,Feels similar,Low pressure,Low wind
6.96,2.65,6.34,7.46,1032,80,1032,1028,8.23,2024-12-09,23:31,2024-12-09 23:31:00,0.5161290322580645,0.9777777777777777,Cold,Feels much colder,High pressure,High wind
11.99,11.59,10.94,12.87,995,90,995,991,9.26,2024-12-07,01:31,2024-12-07 01:31:00,0.8387096774193549,0.15555555555555556,Warm,Feels similar,Low pressure,High wind
13.96,13.74,12.17,15.81,994,89,994,990,9.26,2024-11-24,21:29,2024-11-24 21:29:00,0.8064516129032258,0.13333333333333333,Warm,Feels similar,Low pressure,High wind
12.85,12.59,12.18,13.42,1002,92,1002,997,11.32,2024-12-05,19:31,2024-12-05 19:31:00,0.9032258064516129,0.3111111111111111,Warm,Feels similar,Low pressure,High wind
8.74,6.17,7.9,9.44,1023,86,1023,1018,4.63,2024-12-04,17:31,2024-12-04 17:31:00,0.7096774193548387,0.7777777777777778,Cold,Feels similar,High pressure,Low wind
12.72,12.45,11.9,13.16,1022,92,1022,1018,4.63,2024-11-30,19:30,2024-11-30 19:30:00,0.9032258064516129,0.7555555555555555,Warm,Feels similar,High pressure,Low wind
9.3,6.66,8.56,10.02,1019,71,1019,1014,5.14,2024-12-06,13:31,2024-12-06 13:31:00,0.22580645161290322,0.6888888888888889,Cold,Feels similar,High pressure,Moderate wind
9.38,7.44,8.45,10.54,1016,74,1016,1011,3.6,2024-11-26,12:29,2024-11-26 12:29:00,0.3225806451612903,0.6222222222222222,Cold,Feels similar,Low pressure,Low wind
4.78,3.05,3.45,5.94,1017,87,1017,1013,2.06,2024-11-26,19:29,2024-11-26 19:29:00,0.7419354838709677,0.6444444444444445,Cold,Feels similar,Low pressure,Low wind
8.2,6.0,7.17,8.89,1012,80,1012,1007,3.6,2024-12-06,18:31,2024-12-06 18:31:00,0.5161290322580645,0.5333333333333333,Cold,Feels similar,Low pressure,Low wind
11.8,11.39,11.06,12.81,1011,90,1011,1006,4.63,2024-12-02,00:30,2024-12-02 00:30:00,0.8387096774193549,0.5111111111111111,Warm,Feels similar,Low pressure,Low wind
6.0,3.02,4.13,7.44,1011,84,1011,1007,4.12,2024-11-26,01:29,2024-11-26 01:29:00,0.6451612903225806,0.5111111111111111,Cold,Feels similar,Low pressure,Low wind
4.85,3.72,3.16,6.67,1024,88,1024,1020,1.54,2024-12-03,18:30,2024-12-03 18:30:00,0.7741935483870968,0.8,Cold,Feels similar,High pressure,Low wind
7.56,6.82,6.9,8.92,1023,78,1023,1019,1.54,2024-12-03,13:30,2024-12-03 13:30:00,0.45161290322580644,0.7777777777777778,Cold,Feels similar,High pressure,Low wind
2.47,2.47,1.49,3.85,1025,93,1025,1021,1.03,2024-12-04,00:30,2024-12-04 00:30:00,0.9354838709677419,0.8222222222222222,Cold,Feels similar,High pressure,Low wind
7.87,4.14,7.51,8.42,1031,83,1031,1026,7.2,2024-12-09,17:31,2024-12-09 17:31:00,0.6129032258064516,0.9555555555555556,Cold,Feels similar,High pressure,Moderate wind
12.19,11.81,11.15,13.03,1012,90,1012,1008,5.66,2024-12-01,16:30,2024-12-01 16:30:00,0.8387096774193549,0.5333333333333333,Warm,Feels similar,Low pressure,Moderate wind
1.42,1.42,-0.72,2.22,1025,93,1025,1021,0.51,2024-11-28,03:29,2024-11-28 03:29:00,0.9354838709677419,0.8222222222222222,Cold,Feels similar,High pressure,Low wind
10.93,10.48,9.96,11.49,1016,92,1016,1012,5.14,2024-12-01,04:30,2024-12-01 04:30:00,0.9032258064516129,0.6222222222222222,Warm,Feels similar,Low pressure,Moderate wind
3.78,3.78,2.3,5.56,1029,92,1029,1025,0.51,2024-11-28,11:29,2024-11-28 11:29:00,0.9032258064516129,0.9111111111111111,Cold,Feels similar,High pressure,Low wind
7.93,5.16,5.81,9.95,1007,93,1007,1002,4.63,2024-11-27,05:29,2024-11-27 05:29:00,0.9354838709677419,0.4222222222222222,Cold,Feels similar,Low pressure,Low wind
7.41,5.04,6.67,8.03,1024,76,1024,1020,3.6,2024-11-29,17:30,2024-11-29 17:30:00,0.3870967741935484,0.8,Cold,Feels similar,High pressure,Low wind
7.15,2.9,6.62,7.87,1022,91,1022,1018,8.23,2024-12-08,18:31,2024-12-08 18:31:00,0.8709677419354839,0.7555555555555555,Cold,Feels much colder,High pressure,High wind
10.59,9.69,9.52,11.2,992,76,992,987,11.32,2024-12-07,04:31,2024-12-07 04:31:00,0.3870967741935484,0.08888888888888889,Warm,Feels similar,Low pressure,High wind
0.81,0.81,-0.48,2.22,1028,95,1028,1023,0.51,2024-11-28,08:29,2024-11-28 08:29:00,1.0,0.8888888888888888,Cold,Feels similar,High pressure,Low wind
6.81,2.77,6.34,7.25,1032,80,1032,1028,7.2,2024-12-10,12:31,2024-12-10 12:31:00,0.5161290322580645,0.9777777777777777,Cold,Feels much colder,High pressure,Moderate wind
7.44,5.07,6.5,8.35,1024,79,1024,1019,3.6,2024-11-29,20:30,2024-11-29 20:30:00,0.4838709677419355,0.8,Cold,Feels similar,High pressure,Low wind
7.39,3.69,6.36,8.39,1031,80,1031,1026,6.69,2024-12-09,11:31,2024-12-09 11:31:00,0.5161290322580645,0.9555555555555556,Cold,Feels similar,High pressure,Moderate wind
3.83,1.03,2.6,5.53,1027,92,1027,1022,3.09,2024-11-29,07:30,2024-11-29 07:30:00,0.9032258064516129,0.8666666666666667,Cold,Feels similar,High pressure,Low wind
9.59,7.02,8.84,10.03,1021,85,1021,1016,5.14,2024-12-04,20:31,2024-12-04 20:31:00,0.6774193548387096,0.7333333333333333,Cold,Feels similar,High pressure,Moderate wind
6.03,4.34,4.93,6.81,1021,87,1021,1016,2.24,2024-12-03,01:30,2024-12-03 01:30:00,0.7419354838709677,0.7333333333333333,Cold,Feels similar,High pressure,Low wind
7.13,4.41,5.46,8.55,1009,80,1009,1005,4.12,2024-11-25,21:29,2024-11-25 21:29:00,0.5161290322580645,0.4666666666666667,Cold,Feels similar,Low pressure,Low wind
9.97,6.99,8.85,10.81,1004,70,1004,1000,6.69,2024-11-25,16:29,2024-11-25 16:29:00,0.1935483870967742,0.35555555555555557,Cold,Feels similar,Low pressure,Moderate wind
10.24,9.7,9.0,11.2,997,91,997,993,4.12,2024-11-25,07:29,2024-11-25 07:29:00,0.8709677419354839,0.2,Warm,Feels similar,Low pressure,Low wind
3.2,1.84,1.49,4.4,1029,89,1029,1025,1.54,2024-11-28,17:29,2024-11-28 17:29:00,0.8064516129032258,0.9111111111111111,Cold,Feels similar,High pressure,Low wind
16.3,15.92,14.5,17.31,995,74,995,991,10.29,2024-11-24,16:29,2024-11-24 16:29:00,0.3225806451612903,0.15555555555555556,Warm,Feels similar,Low pressure,High wind
9.18,5.41,8.56,9.81,1005,90,1005,1000,8.75,2024-12-06,21:31,2024-12-06 21:31:00,0.8387096774193549,0.37777777777777777,Cold,Feels similar,Low pressure,High wind
8.08,4.26,7.47,8.94,1025,87,1025,1021,7.72,2024-12-08,21:31,2024-12-08 21:31:00,0.7419354838709677,0.8222222222222222,Cold,Feels similar,High pressure,Moderate wind
6.36,5.45,5.51,6.76,1023,86,1023,1018,1.54,2024-12-03,10:30,2024-12-03 10:30:00,0.7096774193548387,0.7777777777777778,Cold,Feels similar,High pressure,Low wind
12.28,12.04,11.81,13.0,1012,95,1012,1007,4.63,2024-12-01,13:30,2024-12-01 13:30:00,1.0,0.5333333333333333,Warm,Feels similar,Low pressure,Low wind
9.69,6.63,8.9,10.46,1013,77,1013,1009,6.69,2024-12-02,14:30,2024-12-02 14:30:00,0.41935483870967744,0.5555555555555556,Cold,Feels similar,Low pressure,Moderate wind
11.66,11.26,11.07,12.05,1019,91,1019,1014,4.63,2024-12-01,01:30,2024-12-01 01:30:00,0.8709677419354839,0.6888888888888889,Warm,Feels similar,High pressure,Low wind
11.55,11.22,10.9,12.01,1024,94,1024,1019,4.63,2024-11-30,08:30,2024-11-30 08:30:00,0.967741935483871,0.8,Warm,Feels similar,High pressure,Low wind
10.14,9.59,9.45,10.94,997,91,997,993,9.26,2024-11-23,13:48,2024-11-23 13:48:00,0.8709677419354839,0.2,Warm,Feels similar,Low pressure,High wind
5.07,4.25,3.41,6.67,1029,90,1029,1025,1.34,2024-11-28,12:29,2024-11-28 12:29:00,0.8387096774193549,0.9111111111111111,Cold,Feels similar,High pressure,Low wind
9.53,7.37,8.45,10.64,995,91,995,991,4.12,2024-11-25,02:29,2024-11-25 02:29:00,0.8709677419354839,0.15555555555555556,Cold,Feels similar,Low pressure,Low wind
12.2,11.9,11.4,13.01,1012,93,1012,1008,4.12,2024-12-01,19:30,2024-12-01 19:30:00,0.9354838709677419,0.5333333333333333,Warm,Feels similar,Low pressure,Low wind
8.74,4.48,8.29,9.53,1007,76,1007,1003,10.29,2024-12-05,23:31,2024-12-05 23:31:00,0.3870967741935484,0.4222222222222222,Cold,Feels much colder,Low pressure,High wind
7.69,5.68,6.63,8.42,1019,89,1019,1014,3.09,2024-12-02,21:30,2024-12-02 21:30:00,0.8064516129032258,0.6888888888888889,Cold,Feels similar,High pressure,Low wind
10.06,9.52,9.27,10.78,1001,92,1001,997,7.72,2024-12-06,22:31,2024-12-06 22:31:00,0.9032258064516129,0.28888888888888886,Warm,Feels similar,Low pressure,Moderate wind
6.39,4.93,4.77,7.01,1016,88,1016,1011,2.06,2024-11-26,23:29,2024-11-26 23:29:00,0.7741935483870968,0.6222222222222222,Cold,Feels similar,Low pressure,Low wind
7.27,1.6,6.63,8.0,1001,78,1001,997,14.92,2024-12-07,20:31,2024-12-07 20:31:00,0.45161290322580644,0.28888888888888886,Cold,Feels much colder,Low pressure,High wind
2.78,0.72,1.13,4.27,1022,91,1022,1017,2.06,2024-11-27,21:29,2024-11-27 21:29:00,0.8709677419354839,0.7555555555555555,Cold,Feels similar,High pressure,Low wind
11.38,10.98,10.79,12.05,1020,92,1020,1015,4.12,2024-11-30,23:30,2024-11-30 23:30:00,0.9032258064516129,0.7111111111111111,Warm,Feels similar,High pressure,Low wind
0.31,0.31,-1.01,1.6,1026,94,1026,1022,0.51,2024-11-28,05:29,2024-11-28 05:29:00,0.967741935483871,0.8444444444444444,Cold,Feels similar,High pressure,Low wind
7.51,2.85,6.9,8.01,1011,83,1011,1007,10.29,2024-12-08,04:31,2024-12-08 04:31:00,0.6129032258064516,0.5111111111111111,Cold,Feels much colder,Low pressure,High wind
16.98,16.61,15.33,17.81,996,72,996,992,11.83,2024-11-24,11:29,2024-11-24 11:29:00,0.25806451612903225,0.17777777777777778,Warm,Feels similar,Low pressure,High wind
6.54,3.98,5.93,7.81,1017,75,1017,1012,3.6,2024-12-06,06:31,2024-12-06 06:31:00,0.3548387096774194,0.6444444444444445,Cold,Feels similar,Low pressure,Low wind
16.02,15.66,14.77,16.9,996,76,996,992,9.77,2024-11-24,08:29,2024-11-24 08:29:00,0.3870967741935484,0.17777777777777778,Warm,Feels similar,Low pressure,High wind
12.39,12.06,11.63,13.01,1014,91,1014,1010,5.14,2024-12-01,09:30,2024-12-01 09:30:00,0.8709677419354839,0.5777777777777777,Warm,Feels similar,Low pressure,Moderate wind
6.37,2.57,5.52,7.01,1033,85,1033,1028,6.17,2024-12-10,09:31,2024-12-10 09:31:00,0.6774193548387096,1.0,Cold,Feels similar,High pressure,Moderate wind
13.23,12.98,12.23,13.97,997,91,997,993,10.29,2024-11-23,19:29,2024-11-23 19:29:00,0.8709677419354839,0.2,Warm,Feels similar,Low pressure,High wind
6.24,1.87,5.54,6.9,1032,88,1032,1027,7.72,2024-12-10,02:31,2024-12-10 02:31:00,0.7741935483870968,0.9777777777777777,Cold,Feels much colder,High pressure,Moderate wind
11.86,11.48,11.13,12.81,1011,91,1011,1007,4.12,2024-12-01,23:30,2024-12-01 23:30:00,0.8709677419354839,0.5111111111111111,Warm,Feels similar,Low pressure,Low wind
5.66,1.87,4.56,6.41,1011,90,1011,1007,5.66,2024-11-27,12:29,2024-11-27 12:29:00,0.8387096774193549,0.5111111111111111,Cold,Feels similar,Low pressure,Moderate wind
15.69,15.38,14.42,16.48,996,79,996,992,11.83,2024-11-24,06:29,2024-11-24 06:29:00,0.4838709677419355,0.17777777777777778,Warm,Feels similar,Low pressure,High wind
8.72,5.23,7.9,9.46,1020,73,1020,1015,7.2,2024-12-06,11:31,2024-12-06 11:31:00,0.2903225806451613,0.7111111111111111,Cold,Feels similar,High pressure,Moderate wind
2.45,-0.63,0.94,3.81,1029,93,1029,1024,3.09,2024-11-28,23:30,2024-11-28 23:30:00,0.9354838709677419,0.9111111111111111,Cold,Feels similar,High pressure,Low wind
10.22,9.57,9.0,11.2,999,87,999,995,5.14,2024-11-25,09:29,2024-11-25 09:29:00,0.7419354838709677,0.24444444444444444,Warm,Feels similar,Low pressure,Moderate wind
7.86,7.16,6.93,8.96,1024,83,1024,1019,1.54,2024-11-29,23:30,2024-11-29 23:30:00,0.6129032258064516,0.8,Cold,Feels similar,High pressure,Low wind
7.8,3.89,7.17,8.81,1013,75,1013,1008,7.72,2024-12-06,03:31,2024-12-06 03:31:00,0.3548387096774194,0.5555555555555556,Cold,Feels similar,Low pressure,Moderate wind
7.61,3.97,7.18,8.01,1028,84,1028,1023,6.69,2024-12-09,01:31,2024-12-09 01:31:00,0.6451612903225806,0.8888888888888888,Cold,Feels similar,High pressure,Moderate wind
6.0,2.1,4.96,7.05,1018,78,1018,1014,6.17,2024-12-06,08:31,2024-12-06 08:31:00,0.45161290322580644,0.6666666666666666,Cold,Feels similar,Low pressure,Moderate wind
3.33,0.86,2.01,4.73,1028,94,1028,1023,2.57,2024-11-29,02:30,2024-11-29 02:30:00,0.967741935483871,0.8888888888888888,Cold,Feels similar,High pressure,Low wind
7.93,4.22,7.51,8.42,1032,80,1032,1027,7.2,2024-12-09,18:31,2024-12-09 18:31:00,0.5161290322580645,0.9777777777777777,Cold,Feels similar,High pressure,Moderate wind
6.77,1.99,6.06,7.31,1013,88,1013,1009,9.77,2024-12-08,06:31,2024-12-08 06:31:00,0.7741935483870968,0.5555555555555556,Cold,Feels much colder,Low pressure,High wind
7.01,2.87,6.13,7.83,1021,89,1021,1016,7.72,2024-12-08,17:31,2024-12-08 17:31:00,0.8064516129032258,0.7333333333333333,Cold,Feels much colder,High pressure,Moderate wind
12.21,11.94,11.63,13.0,1024,94,1024,1019,5.14,2024-11-30,10:30,2024-11-30 10:30:00,0.967741935483871,0.8,Warm,Feels similar,High pressure,Moderate wind
7.71,5.7,7.01,9.11,1025,90,1025,1020,3.09,2024-12-04,13:31,2024-12-04 13:31:00,0.8387096774193549,0.8222222222222222,Cold,Feels similar,High pressure,Low wind
5.92,2.2,5.52,6.9,1032,90,1032,1027,5.66,2024-12-10,05:31,2024-12-10 05:31:00,0.8387096774193549,0.9777777777777777,Cold,Feels similar,High pressure,Moderate wind
7.05,1.58,6.34,7.93,1004,79,1004,999,13.38,2024-12-07,22:31,2024-12-07 22:31:00,0.4838709677419355,0.35555555555555557,Cold,Feels much colder,Low pressure,High wind
5.41,2.93,3.99,6.81,1017,89,1017,1013,3.09,2024-11-26,21:29,2024-11-26 21:29:00,0.8064516129032258,0.6444444444444445,Cold,Feels similar,Low pressure,Low wind
9.38,6.24,8.35,10.03,1007,87,1007,1003,6.69,2024-12-06,20:31,2024-12-06 20:31:00,0.7419354838709677,0.4222222222222222,Cold,Feels similar,Low pressure,Moderate wind
4.8,2.6,3.71,6.33,1026,92,1026,1021,2.57,2024-12-04,09:30,2024-12-04 09:30:00,0.9032258064516129,0.8444444444444444,Cold,Feels similar,High pressure,Low wind
6.74,4.91,5.85,7.9,1020,87,1020,1015,2.57,2024-12-02,23:30,2024-12-02 23:30:00,0.7419354838709677,0.7111111111111111,Cold,Feels similar,High pressure,Low wind
15.06,14.74,13.7,16.51,994,81,994,990,10.8,2024-11-24,19:29,2024-11-24 19:29:00,0.5483870967741935,0.13333333333333333,Warm,Feels similar,Low pressure,High wind
5.96,3.6,4.93,7.31,1026,91,1026,1022,3.09,2024-12-04,10:30,2024-12-04 10:30:00,0.8709677419354839,0.8444444444444444,Cold,Feels similar,High pressure,Low wind
5.49,4.72,4.52,6.33,1022,88,1022,1018,1.34,2024-12-03,05:30,2024-12-03 05:30:00,0.7741935483870968,0.7555555555555555,Cold,Feels similar,High pressure,Low wind
9.88,5.89,8.96,10.93,1004,80,1004,1000,10.8,2024-12-05,21:31,2024-12-05 21:31:00,0.5161290322580645,0.35555555555555557,Cold,Feels similar,Low pressure,High wind
7.84,2.21,6.62,8.98,989,79,989,985,15.95,2024-12-07,08:31,2024-12-07 08:31:00,0.4838709677419355,0.022222222222222223,Cold,Feels much colder,Low pressure,High wind
5.78,2.75,3.99,7.61,1011,84,1011,1007,4.12,2024-11-26,00:29,2024-11-26 00:29:00,0.6451612903225806,0.5111111111111111,Cold,Feels similar,Low pressure,Low wind
7.04,2.48,6.65,7.87,1010,88,1010,1006,9.26,2024-12-08,03:31,2024-12-08 03:31:00,0.7741935483870968,0.4888888888888889,Cold,Feels much colder,Low pressure,High wind
13.6,13.31,12.74,14.27,1023,88,1023,1018,4.12,2024-11-30,15:30,2024-11-30 15:30:00,0.7741935483870968,0.7777777777777778,Warm,Feels similar,High pressure,Low wind
2.51,0.4,0.75,3.89,1030,93,1030,1025,2.06,2024-11-28,21:30,2024-11-28 21:30:00,0.9354838709677419,0.9333333333333333,Cold,Feels similar,High pressure,Low wind
13.47,13.14,12.73,14.01,1005,87,1005,1001,7.2,2024-12-05,15:31,2024-12-05 15:31:00,0.7419354838709677,0.37777777777777777,Warm,Feels similar,Low pressure,Moderate wind
6.51,0.85,5.81,7.27,988,90,988,984,13.38,2024-12-07,11:31,2024-12-07 11:31:00,0.8387096774193549,0.0,Cold,Feels much colder,Low pressure,High wind
6.7,2.8,5.79,7.46,1032,83,1032,1027,6.69,2024-12-10,00:31,2024-12-10 00:31:00,0.6129032258064516,0.9777777777777777,Cold,Feels similar,High pressure,Moderate wind
11.03,10.56,9.05,13.14,995,91,995,991,7.2,2024-11-24,23:29,2024-11-24 23:29:00,0.8709677419354839,0.15555555555555556,Warm,Feels similar,Low pressure,Moderate wind
9.99,7.52,9.0,10.81,996,91,996,992,5.14,2024-11-25,05:29,2024-11-25 05:29:00,0.8709677419354839,0.17777777777777778,Cold,Feels similar,Low pressure,Moderate wind
5.83,4.84,4.34,6.9,1029,84,1029,1024,1.54,2024-11-28,15:29,2024-11-28 15:29:00,0.6451612903225806,0.9111111111111111,Cold,Feels similar,High pressure,Low wind
6.14,3.81,4.46,7.73,1011,83,1011,1006,3.09,2024-11-25,23:29,2024-11-25 23:29:00,0.6129032258064516,0.5111111111111111,Cold,Feels similar,Low pressure,Low wind
8.39,6.87,7.71,9.11,1024,88,1024,1020,2.57,2024-12-04,15:31,2024-12-04 15:31:00,0.7741935483870968,0.8,Cold,Feels similar,High pressure,Low wind
7.81,5.25,6.4,8.98,1015,81,1015,1011,4.12,2024-11-26,10:29,2024-11-26 10:29:00,0.5483870967741935,0.6,Cold,Feels similar,Low pressure,Low wind
8.73,5.95,8.03,9.55,1012,88,1012,1007,5.14,2024-12-02,09:30,2024-12-02 09:30:00,0.7741935483870968,0.5333333333333333,Cold,Feels similar,Low pressure,Moderate wind
2.43,0.96,1.01,3.01,1025,93,1025,1021,1.54,2024-12-04,02:30,2024-12-04 02:30:00,0.9354838709677419,0.8222222222222222,Cold,Feels similar,High pressure,Low wind
6.28,4.36,4.08,8.17,1012,84,1012,1007,2.57,2024-11-26,03:29,2024-11-26 03:29:00,0.6451612903225806,0.5333333333333333,Cold,Feels similar,Low pressure,Low wind
11.49,10.97,10.58,12.22,1011,87,1011,1006,4.12,2024-12-02,02:30,2024-12-02 02:30:00,0.7419354838709677,0.5111111111111111,Warm,Feels similar,Low pressure,Low wind
1.66,-0.79,-0.37,3.03,1024,93,1024,1020,2.24,2024-11-28,01:29,2024-11-28 01:29:00,0.9354838709677419,0.8,Cold,Feels similar,High pressure,Low wind
6.19,0.85,5.54,7.25,1006,88,1006,1002,11.32,2024-12-08,00:31,2024-12-08 00:31:00,0.7741935483870968,0.4,Cold,Feels much colder,Low pressure,High wind
12.94,12.74,12.51,14.12,1011,94,1011,1007,4.63,2024-12-01,14:30,2024-12-01 14:30:00,0.967741935483871,0.5111111111111111,Warm,Feels similar,Low pressure,Low wind
9.25,4.66,8.31,10.03,990,76,990,986,12.86,2024-12-07,06:31,2024-12-07 06:31:00,0.3870967741935484,0.044444444444444446,Cold,Feels much colder,Low pressure,High wind
8.3,5.85,5.85,11.89,1005,93,1005,1001,4.12,2024-11-27,07:29,2024-11-27 07:29:00,0.9354838709677419,0.37777777777777777,Cold,Feels similar,Low pressure,Low wind
12.02,11.63,11.09,13.07,997,90,997,992,8.23,2024-11-23,16:29,2024-11-23 16:29:00,0.8387096774193549,0.2,Warm,Feels similar,Low pressure,High wind
8.6,8.01,7.73,9.44,1024,81,1024,1019,1.54,2024-11-30,00:30,2024-11-30 00:30:00,0.5483870967741935,0.8,Cold,Feels similar,High pressure,Low wind
5.9,2.4,5.52,6.35,1032,89,1032,1028,5.14,2024-12-10,06:31,2024-12-10 06:31:00,0.8064516129032258,0.9777777777777777,Cold,Feels similar,High pressure,Moderate wind
9.33,7.65,7.81,10.55,1016,74,1016,1012,3.09,2024-11-26,15:29,2024-11-26 15:29:00,0.3225806451612903,0.6222222222222222,Cold,Feels similar,Low pressure,Low wind
3.2,0.7,2.01,3.93,1025,92,1025,1020,2.57,2024-12-03,22:30,2024-12-03 22:30:00,0.9032258064516129,0.8222222222222222,Cold,Feels similar,High pressure,Low wind
6.73,1.57,5.9,7.44,997,83,997,993,11.32,2024-12-07,17:31,2024-12-07 17:31:00,0.6129032258064516,0.2,Cold,Feels much colder,Low pressure,High wind
5.97,3.28,3.96,7.47,1013,86,1013,1008,3.6,2024-11-26,06:29,2024-11-26 06:29:00,0.7096774193548387,0.5555555555555556,Cold,Feels similar,Low pressure,Low wind
8.99,6.27,8.28,9.81,1015,75,1015,1010,5.14,2024-12-02,16:30,2024-12-02 16:30:00,0.3548387096774194,0.6,Cold,Feels similar,Low pressure,Moderate wind
12.12,11.82,11.57,12.81,1013,93,1013,1009,6.17,2024-12-01,11:30,2024-12-01 11:30:00,0.9354838709677419,0.5555555555555556,Warm,Feels similar,Low pressure,Moderate wind
6.6,3.06,5.66,8.0,1011,93,1011,1007,5.66,2024-11-27,02:29,2024-11-27 02:29:00,0.9354838709677419,0.5111111111111111,Cold,Feels similar,Low pressure,Moderate wind
10.88,10.11,9.93,11.81,993,80,993,988,10.29,2024-12-07,03:31,2024-12-07 03:31:00,0.5161290322580645,0.1111111111111111,Warm,Feels similar,Low pressure,High wind
7.31,3.11,6.62,8.0,1032,83,1032,1028,8.23,2024-12-09,21:31,2024-12-09 21:31:00,0.6129032258064516,0.9777777777777777,Cold,Feels much colder,High pressure,High wind
7.61,3.5,7.16,8.01,1027,84,1027,1022,8.23,2024-12-08,23:31,2024-12-08 23:31:00,0.6451612903225806,0.8666666666666667,Cold,Feels much colder,High pressure,High wind
0.94,0.94,-0.87,1.74,1026,94,1026,1021,0.0,2024-11-28,04:29,2024-11-28 04:29:00,0.967741935483871,0.8444444444444444,Cold,Feels similar,High pressure,Low wind
7.62,7.62,6.9,8.88,1023,76,1023,1019,1.03,2024-12-03,14:30,2024-12-03 14:30:00,0.3870967741935484,0.7777777777777778,Cold,Feels similar,High pressure,Low wind
9.42,6.29,8.85,10.23,1016,93,1016,1011,6.69,2024-12-05,00:31,2024-12-05 00:31:00,0.9354838709677419,0.6222222222222222,Cold,Feels similar,Low pressure,Moderate wind
11.0,10.56,10.23,11.9,1017,92,1017,1013,5.14,2024-12-01,03:30,2024-12-01 03:30:00,0.9032258064516129,0.6444444444444445,Warm,Feels similar,Low pressure,Moderate wind
10.12,9.54,8.45,11.81,995,90,995,990,5.66,2024-11-25,00:29,2024-11-25 00:29:00,0.8387096774193549,0.15555555555555556,Warm,Feels similar,Low pressure,Moderate wind
5.98,1.22,5.25,6.9,1017,89,1017,1013,8.75,2024-12-08,11:31,2024-12-08 11:31:00,0.8064516129032258,0.6444444444444445,Cold,Feels much colder,Low pressure,High wind
10.21,9.14,8.9,11.14,1025,71,1025,1021,5.14,2024-11-29,12:30,2024-11-29 12:30:00,0.22580645161290322,0.8222222222222222,Warm,Feels similar,High pressure,Moderate wind
7.33,3.61,6.63,8.0,1029,87,1029,1024,6.69,2024-12-09,04:31,2024-12-09 04:31:00,0.7419354838709677,0.9111111111111111,Cold,Feels similar,High pressure,Moderate wind
9.12,6.86,8.41,10.03,1017,71,1017,1013,4.12,2024-12-06,14:31,2024-12-06 14:31:00,0.22580645161290322,0.6444444444444445,Cold,Feels similar,Low pressure,Low wind
13.9,13.72,12.89,14.81,998,91,998,993,9.77,2024-11-23,21:29,2024-11-23 21:29:00,0.8709677419354839,0.2222222222222222,Warm,Feels similar,Low pressure,High wind
11.36,10.95,10.59,12.05,1019,92,1019,1015,4.12,2024-12-01,00:30,2024-12-01 00:30:00,0.9032258064516129,0.6888888888888889,Warm,Feels similar,High pressure,Low wind
15.74,15.43,14.63,16.48,996,79,996,991,11.32,2024-11-24,07:29,2024-11-24 07:29:00,0.4838709677419355,0.17777777777777778,Warm,Feels similar,Low pressure,High wind
11.46,11.04,10.81,12.46,1015,91,1015,1011,4.63,2024-12-01,06:30,2024-12-01 06:30:00,0.8709677419354839,0.6,Warm,Feels similar,Low pressure,Low wind
7.36,4.02,6.9,7.87,1030,86,1030,1026,5.66,2024-12-09,15:31,2024-12-09 15:31:00,0.7096774193548387,0.9333333333333333,Cold,Feels similar,High pressure,Moderate wind
6.98,6.98,5.81,7.85,1023,83,1023,1018,1.03,2024-12-03,11:30,2024-12-03 11:30:00,0.6129032258064516,0.7777777777777778,Cold,Feels similar,High pressure,Low wind
8.93,6.0,8.31,9.53,1018,90,1018,1014,5.66,2024-12-04,22:31,2024-12-04 22:31:00,0.8387096774193549,0.6666666666666666,Cold,Feels similar,Low pressure,Moderate wind
7.03,2.74,6.36,7.83,1019,88,1019,1014,8.23,2024-12-08,14:31,2024-12-08 14:31:00,0.7741935483870968,0.6888888888888889,Cold,Feels much colder,High pressure,High wind
12.94,12.77,12.61,13.57,1010,95,1010,1005,5.66,2024-12-05,08:31,2024-12-05 08:31:00,1.0,0.4888888888888889,Warm,Feels similar,Low pressure,Moderate wind
12.19,11.76,11.4,12.93,1012,88,1012,1007,4.63,2024-12-01,21:30,2024-12-01 21:30:00,0.7741935483870968,0.5333333333333333,Warm,Feels similar,Low pressure,Low wind
15.28,15.06,13.86,16.16,996,84,996,992,10.8,2024-11-24,04:29,2024-11-24 04:29:00,0.6451612903225806,0.17777777777777778,Warm,Feels similar,Low pressure,High wind
11.38,11.03,10.81,12.44,1010,94,1010,1006,7.2,2024-12-05,06:31,2024-12-05 06:31:00,0.967741935483871,0.4888888888888889,Warm,Feels similar,Low pressure,Moderate wind
11.18,10.78,10.39,11.76,1024,93,1024,1019,4.12,2024-11-30,07:30,2024-11-30 07:30:00,0.9354838709677419,0.8,Warm,Feels similar,High pressure,Low wind
11.46,10.57,10.25,12.3,1002,73,1002,997,8.23,2024-11-25,12:29,2024-11-25 12:29:00,0.2903225806451613,0.3111111111111111,Warm,Feels similar,Low pressure,High wind
8.23,6.03,6.81,9.34,1024,78,1024,1019,3.6,2024-11-29,21:30,2024-11-29 21:30:00,0.45161290322580644,0.8,Cold,Feels similar,High pressure,Low wind
7.32,3.78,6.63,8.0,1029,88,1029,1024,6.17,2024-12-09,03:31,2024-12-09 03:31:00,0.7741935483870968,0.9111111111111111,Cold,Feels similar,High pressure,Moderate wind
9.03,4.98,8.31,9.81,1007,75,1007,1003,9.77,2024-12-06,01:31,2024-12-06 01:31:00,0.3548387096774194,0.4222222222222222,Cold,Feels much colder,Low pressure,High wind
2.58,1.13,0.94,4.18,1030,91,1030,1025,1.54,2024-11-28,18:29,2024-11-28 18:29:00,0.8709677419354839,0.9333333333333333,Cold,Feels similar,High pressure,Low wind
10.27,9.68,9.0,11.2,998,89,998,994,4.12,2024-11-25,08:29,2024-11-25 08:29:00,0.8064516129032258,0.2222222222222222,Warm,Feels similar,Low pressure,Low wind
7.59,4.74,5.89,8.84,1008,79,1008,1003,4.63,2024-11-25,19:29,2024-11-25 19:29:00,0.4838709677419355,0.4444444444444444,Cold,Feels similar,Low pressure,Low wind
9.1,6.22,7.65,10.46,1026,78,1026,1021,5.66,2024-11-29,11:30,2024-11-29 11:30:00,0.45161290322580644,0.8444444444444444,Cold,Feels similar,High pressure,Moderate wind
2.41,0.6,0.52,3.93,1023,92,1023,1018,1.79,2024-11-27,23:29,2024-11-27 23:29:00,0.9032258064516129,0.7777777777777778,Cold,Feels similar,High pressure,Low wind
4.05,0.62,2.76,5.92,1027,92,1027,1022,4.12,2024-11-29,08:30,2024-11-29 08:30:00,0.9032258064516129,0.8666666666666667,Cold,Feels similar,High pressure,Low wind
9.07,7.06,8.29,9.81,1022,86,1022,1018,3.6,2024-12-04,18:31,2024-12-04 18:31:00,0.7096774193548387,0.7555555555555555,Cold,Feels similar,High pressure,Low wind
12.27,11.95,11.34,13.01,1021,92,1021,1017,5.14,2024-11-30,21:30,2024-11-30 21:30:00,0.9032258064516129,0.7333333333333333,Warm,Feels similar,High pressure,Moderate wind
7.92,4.2,7.24,8.81,1024,90,1024,1020,7.2,2024-12-08,20:31,2024-12-08 20:31:00,0.8387096774193549,0.8,Cold,Feels similar,High pressure,Moderate wind
0.25,0.25,-1.01,1.67,1027,94,1027,1023,0.51,2024-11-28,07:29,2024-11-28 07:29:00,0.967741935483871,0.8666666666666667,Cold,Feels similar,High pressure,Low wind
6.98,4.51,6.5,7.77,1024,80,1024,1020,3.6,2024-11-29,18:30,2024-11-29 18:30:00,0.5161290322580645,0.8,Cold,Feels similar,High pressure,Low wind
11.06,10.49,9.95,11.81,1011,87,1011,1007,5.14,2024-12-02,04:30,2024-12-02 04:30:00,0.7419354838709677,0.5111111111111111,Warm,Feels similar,Low pressure,Moderate wind
7.22,3.65,6.63,8.42,1014,76,1014,1010,6.17,2024-12-06,04:31,2024-12-06 04:31:00,0.3870967741935484,0.5777777777777777,Cold,Feels similar,Low pressure,Moderate wind
4.93,4.93,3.81,6.09,1024,86,1024,1019,1.03,2024-12-03,17:30,2024-12-03 17:30:00,0.7096774193548387,0.8,Cold,Feels similar,High pressure,Low wind
16.83,16.45,15.43,17.81,995,72,995,991,10.8,2024-11-24,13:29,2024-11-24 13:29:00,0.25806451612903225,0.15555555555555556,Warm,Feels similar,Low pressure,High wind
5.88,2.61,4.97,6.81,1015,86,1015,1010,4.63,2024-11-27,15:29,2024-11-27 15:29:00,0.7096774193548387,0.6,Cold,Feels similar,Low pressure,Low wind
14.39,14.26,13.44,15.19,996,91,996,992,10.8,2024-11-24,01:29,2024-11-24 01:29:00,0.8709677419354839,0.17777777777777778,Warm,Feels similar,Low pressure,High wind
